{"basis":{"lambda_min":0.2780865135,"lambda_1se":0.4034559167},"rothenhausler_m":{"lambda_min":0.037156283,"lambda_1se":0.1134699195},"xgb_m":{"eta":0.01,"max.depth":1,"gamma":0,"nrounds":241},"spl":{"df_min":6,"df_1se":5},"stddev":1.12113713912523,"difference":0.280284284781307,"rothenhausler_f":{"lambda_min":0.1755906186,"lambda_1se":0.1927104871},"xgb_f":{"eta":0.01,"max.depth":1,"gamma":0,"nrounds":2091},"xgb_f_pl":{"eta":0.01,"max.depth":2,"gamma":3.2,"nrounds":254},"reps":100,"n_tr":800,"n_te":1000}
