{"basis":{"lambda_min":2798.101447384,"lambda_1se":3070.9128842283},"rothenhausler_m":{"lambda_min":14.8833650252,"lambda_1se":614.9824883948},"xgb_m":{"eta":0.01,"max.depth":3,"gamma":0,"nrounds":1047},"spl":{"df_min":5,"df_1se":4},"stddev":24774.2880058157,"difference":6193.57200145393,"rothenhausler_f":{"lambda_min":36.1268894401,"lambda_1se":254.868063101},"xgb_f":{"eta":0.01,"max.depth":1,"gamma":0,"nrounds":5000},"xgb_f_pl":{"eta":0.01,"max.depth":2,"gamma":0,"nrounds":1151},"reps":100,"n_tr":7932,"n_te":1983}
