{"basis":{"lambda_min":0.1420132785,"lambda_1se":0.2060369513},"rothenhausler_m":{"lambda_min":0.0395563023,"lambda_1se":0.0913801888},"xgb_m":{"eta":0.01,"max.depth":1,"gamma":4,"nrounds":252},"spl":{"df_min":2,"df_1se":2},"stddev":1.11914949163191,"difference":0.279787372907977,"rothenhausler_f":{"lambda_min":0.0440027671,"lambda_1se":0.0768960852},"xgb_f":{"eta":0.01,"max.depth":1,"gamma":0,"nrounds":2087},"xgb_f_pl":{"eta":0.01,"max.depth":2,"gamma":3.2,"nrounds":270},"reps":100,"n_tr":800,"n_te":1000}
