{"basis":{"lambda_min":0.5864798462,"lambda_1se":0.5864798462},"rothenhausler_m":{"lambda_min":0.0336799305,"lambda_1se":0.0853908999},"xgb_m":{"eta":0.01,"max.depth":1,"gamma":4,"nrounds":245},"spl":{"df_min":4.5,"df_1se":4},"stddev":1.12317250604533,"difference":0.280793126511331,"rothenhausler_f":{"lambda_min":0.0468592386,"lambda_1se":0.0746131594},"xgb_f":{"eta":0.01,"max.depth":4,"gamma":2,"nrounds":443},"xgb_f_pl":{"eta":0.01,"max.depth":2,"gamma":3.8,"nrounds":241},"reps":100,"n_tr":800,"n_te":1000}
