{"basis":{"lambda_min":0.5550360731,"lambda_1se":0.5550360731},"rothenhausler_m":{"lambda_min":0.033412039,"lambda_1se":0.0771861436},"xgb_m":{"eta":0.01,"max.depth":1,"gamma":0,"nrounds":279},"spl":{"df_min":5.5,"df_1se":5},"stddev":1.11530694847784,"difference":0.278826737119459,"rothenhausler_f":{"lambda_min":0.045574941,"lambda_1se":0.0725681944},"xgb_f":{"eta":0.01,"max.depth":4,"gamma":2.6,"nrounds":463},"xgb_f_pl":{"eta":0.01,"max.depth":2,"gamma":3.2,"nrounds":265},"reps":100,"n_tr":800,"n_te":1000}
