{"basis":{"lambda_min":0.1145636356,"lambda_1se":0.1662122195},"rothenhausler_m":{"lambda_min":0.0380894956,"lambda_1se":0.0965707547},"xgb_m":{"eta":0.01,"max.depth":1,"gamma":3.2,"nrounds":253},"spl":{"df_min":6.5,"df_1se":2},"stddev":1.12042177261442,"difference":0.280105443153605,"rothenhausler_f":{"lambda_min":0.0466762833,"lambda_1se":0.0815681306},"xgb_f":{"eta":0.01,"max.depth":1,"gamma":0,"nrounds":2069},"xgb_f_pl":{"eta":0.01,"max.depth":2,"gamma":1.4,"nrounds":253},"reps":100,"n_tr":800,"n_te":1000}
